# method	path	legacy_scope	resource_type	capability	slice
GET	/api/wms/v1/fulfillments	fulfillment.read	wms_enterprise	wms.fulfillment.read	W05
GET	/api/wms/v1/fulfillments/{fulfillmentId}	fulfillment.read	wms_enterprise	wms.fulfillment.read	W05
GET	/api/wms/v1/inventory	stock.read	wms_warehouse	wms.stock.read	W04
GET	/api/wms/v1/jobs	job.read	wms_warehouse	wms.job.read	W06
GET	/api/wms/v1/jobs/{jobId}	job.read	wms_warehouse	wms.job.read	W06
GET	/api/wms/v1/operations/{operationId}	operation.read	wms_warehouse	wms.operation.read	W06
GET	/api/wms/v1/reconciliation-cases	recon.read	wms_enterprise	wms.recon.read.enterprise	W06
GET	/api/wms/v1/reconciliation-snapshots/{snapshotId}	recon.read	wms_enterprise	wms.recon.read.enterprise	W06
GET	/api/wms/v1/skus	masterdata.read	wms_enterprise	wms.masterdata.read.enterprise	W04
GET	/api/wms/v1/skus/{skuId}	masterdata.read	wms_enterprise	wms.masterdata.read.enterprise	W04
GET	/api/wms/v1/skus/{skuId}/units	masterdata.read	wms_enterprise	wms.masterdata.read.enterprise	W04
GET	/api/wms/v1/transfers	transfer.read	wms_warehouse	wms.transfer.read	W06
GET	/api/wms/v1/transfers/{transferId}	transfer.read	wms_warehouse	wms.transfer.read	W06
GET	/api/wms/v1/transfers/{transferId}/serial-commands/{commandId}	transfer.read	wms_warehouse	wms.transfer.read	W06
GET	/api/wms/v1/warehouses	masterdata.read	wms_warehouse	wms.masterdata.read	W04
GET	/api/wms/v1/warehouses/{warehouseId}	masterdata.read	wms_warehouse	wms.masterdata.read	W04
GET	/api/wms/v1/warehouses/{warehouseId}/action-effects	task.read	wms_warehouse	wms.task.read	W06
GET	/api/wms/v1/warehouses/{warehouseId}/action-effects/{effectId}	task.read	wms_warehouse	wms.task.read	W06
GET	/api/wms/v1/warehouses/{warehouseId}/adjustments	adjustment.read	wms_warehouse	wms.adjustment.read	W06
GET	/api/wms/v1/warehouses/{warehouseId}/adjustments/{adjustmentId}	adjustment.read	wms_warehouse	wms.adjustment.read	W06
GET	/api/wms/v1/warehouses/{warehouseId}/count-plans	count.read	wms_warehouse	wms.count.read	W06
GET	/api/wms/v1/warehouses/{warehouseId}/count-plans/{countPlanId}	count.read	wms_warehouse	wms.count.read	W06
GET	/api/wms/v1/warehouses/{warehouseId}/inbound-orders	inbound.read	wms_warehouse	wms.inbound.read	W05
GET	/api/wms/v1/warehouses/{warehouseId}/inbound-orders/{inboundOrderId}	inbound.read	wms_warehouse	wms.inbound.read	W05
GET	/api/wms/v1/warehouses/{warehouseId}/inbound-orders/{inboundOrderId}/receipts	inbound.read	wms_warehouse	wms.inbound.read	W05
GET	/api/wms/v1/warehouses/{warehouseId}/inventory/{balanceId}/ledger	stock.audit	wms_warehouse	wms.stock.audit	W04
GET	/api/wms/v1/warehouses/{warehouseId}/locations	masterdata.read	wms_warehouse	wms.masterdata.read	W04
GET	/api/wms/v1/warehouses/{warehouseId}/locations/{locationId}	masterdata.read	wms_warehouse	wms.masterdata.read	W04
GET	/api/wms/v1/warehouses/{warehouseId}/locations/{locationId}/gate	masterdata.read	wms_warehouse	wms.masterdata.read	W04
GET	/api/wms/v1/warehouses/{warehouseId}/lots	masterdata.read	wms_warehouse	wms.masterdata.read	W04
GET	/api/wms/v1/warehouses/{warehouseId}/lots/{lotId}	masterdata.read	wms_warehouse	wms.masterdata.read	W04
GET	/api/wms/v1/warehouses/{warehouseId}/message-queues/{queue}/messages	messaging.read	wms_warehouse	wms.messaging.read	W06
GET	/api/wms/v1/warehouses/{warehouseId}/outbound-orders	outbound.read	wms_warehouse	wms.outbound.read	W05
GET	/api/wms/v1/warehouses/{warehouseId}/outbound-orders/{outboundOrderId}	outbound.read	wms_warehouse	wms.outbound.read	W05
GET	/api/wms/v1/warehouses/{warehouseId}/outbound-orders/{outboundOrderId}/shippable-serials	outbound.read	wms_warehouse	wms.outbound.read	W05
GET	/api/wms/v1/warehouses/{warehouseId}/reconciliation-cases	recon.read	wms_warehouse	wms.recon.read	W06
GET	/api/wms/v1/warehouses/{warehouseId}/reconciliation-cases/{caseId}	recon.read	wms_warehouse	wms.recon.read	W06
GET	/api/wms/v1/warehouses/{warehouseId}/reconciliation-windows/{cutoffId}	recon.read	wms_warehouse	wms.recon.read	W06
GET	/api/wms/v1/warehouses/{warehouseId}/serial-recoveries	messaging.read	wms_warehouse	wms.messaging.read	W06
GET	/api/wms/v1/warehouses/{warehouseId}/serial-stock	inventory.read	wms_warehouse	wms.inventory.read	W04
GET	/api/wms/v1/warehouses/{warehouseId}/tasks	task.read	wms_warehouse	wms.task.read	W06
GET	/api/wms/v1/warehouses/{warehouseId}/tasks/{taskId}	task.read	wms_warehouse	wms.task.read	W06
GET	/api/wms/v1/warehouses/{warehouseId}/tasks/{taskId}/action-effects	task.read	wms_warehouse	wms.task.read	W06
POST	/api/wms/v1/fulfillments	fulfillment.create	wms_enterprise	wms.fulfillment.create	W05
POST	/api/wms/v1/fulfillments/{fulfillmentId}/attempts	fulfillment.execute	wms_enterprise	wms.fulfillment.execute.enterprise	W05
POST	/api/wms/v1/fulfillments/{fulfillmentId}/attempts/{attemptId}/executions	fulfillment.execute	wms_enterprise	wms.fulfillment.execute.enterprise	W05
POST	/api/wms/v1/fulfillments/{fulfillmentId}/cancellations	fulfillment.cancel	wms_enterprise	wms.fulfillment.cancel	W05
POST	/api/wms/v1/jobs/{jobId}/retries	job.retry	wms_warehouse	wms.job.retry	W06
POST	/api/wms/v1/reconciliation-cases/{id}/remediations	recon.remediate	wms_enterprise	wms.recon.remediate.enterprise	W06
POST	/api/wms/v1/reconciliation-snapshots	recon.export	wms_enterprise	wms.recon.export.enterprise	W06
POST	/api/wms/v1/skus	masterdata.write	wms_enterprise	wms.masterdata.write.enterprise	W06
POST	/api/wms/v1/skus/{skuId}/units	masterdata.write	wms_enterprise	wms.masterdata.write.enterprise	W06
POST	/api/wms/v1/transfers	transfer.create	wms_warehouse	wms.transfer.create	W06
POST	/api/wms/v1/transfers/{transferId}/issues	transfer.create	wms_warehouse	wms.transfer.create	W06
POST	/api/wms/v1/transfers/{transferId}/losses	stock.move	wms_warehouse	wms.stock.move	W06
POST	/api/wms/v1/transfers/{transferId}/receipt-authorizations	transfer.authorizeReceipt	wms_warehouse	wms.transfer.authorize_receipt	W06
POST	/api/wms/v1/transfers/{transferId}/serial-issues	transfer.create	wms_warehouse	wms.transfer.create	W06
POST	/api/wms/v1/warehouses	masterdata.write	wms_enterprise	wms.masterdata.write.enterprise	W06
POST	/api/wms/v1/warehouses/{warehouseId}/action-effects	task.read	wms_warehouse	wms.task.read	W06
POST	/api/wms/v1/warehouses/{warehouseId}/action-effects/{effectId}/execution-attempts	task.claim	wms_warehouse	wms.task.claim	W06
POST	/api/wms/v1/warehouses/{warehouseId}/adjustments	adjustment.create	wms_warehouse	wms.adjustment.create	W06
POST	/api/wms/v1/warehouses/{warehouseId}/adjustments/{adjustmentId}/applications	adjustment.apply	wms_warehouse	wms.adjustment.apply	W06
POST	/api/wms/v1/warehouses/{warehouseId}/adjustments/{adjustmentId}/approvals	adjustment.approve	wms_warehouse	wms.adjustment.approve	W06
POST	/api/wms/v1/warehouses/{warehouseId}/count-plans	count.create	wms_warehouse	wms.count.create	W06
POST	/api/wms/v1/warehouses/{warehouseId}/count-plans/{countPlanId}/applications	adjustment.apply	wms_warehouse	wms.adjustment.apply	W06
POST	/api/wms/v1/warehouses/{warehouseId}/count-plans/{countPlanId}/approvals	adjustment.approve	wms_warehouse	wms.adjustment.approve	W06
POST	/api/wms/v1/warehouses/{warehouseId}/count-plans/{countPlanId}/freeze-requests	count.freeze	wms_warehouse	wms.count.freeze	W06
POST	/api/wms/v1/warehouses/{warehouseId}/count-plans/{countPlanId}/observations	count.record	wms_warehouse	wms.count.record	W06
POST	/api/wms/v1/warehouses/{warehouseId}/count-plans/{countPlanId}/reviews	count.record	wms_warehouse	wms.count.record	W06
POST	/api/wms/v1/warehouses/{warehouseId}/inbound-orders	inbound.create	wms_warehouse	wms.inbound.create	W05
POST	/api/wms/v1/warehouses/{warehouseId}/inbound-orders/{inboundOrderId}/receipts	inbound.receive	wms_warehouse	wms.inbound.receive	W05
POST	/api/wms/v1/warehouses/{warehouseId}/locations	masterdata.write	wms_warehouse	wms.masterdata.write	W06
POST	/api/wms/v1/warehouses/{warehouseId}/lots	masterdata.write	wms_warehouse	wms.masterdata.write	W06
POST	/api/wms/v1/warehouses/{warehouseId}/message-queues/{queue}/messages/{messageId}/retries	messaging.recover	wms_warehouse	wms.messaging.recover	W06
POST	/api/wms/v1/warehouses/{warehouseId}/moves	stock.move	wms_warehouse	wms.stock.move	W06
POST	/api/wms/v1/warehouses/{warehouseId}/outbound-orders	fulfillment.execute	wms_warehouse	wms.fulfillment.execute	W05
POST	/api/wms/v1/warehouses/{warehouseId}/outbound-orders/{outboundOrderId}/cancellations	outbound.pick	wms_warehouse	wms.outbound.pick	W05
POST	/api/wms/v1/warehouses/{warehouseId}/outbound-orders/{outboundOrderId}/execution-authorizations	fulfillment.execute	wms_warehouse	wms.fulfillment.execute	W05
POST	/api/wms/v1/warehouses/{warehouseId}/outbound-orders/{outboundOrderId}/packings	outbound.pack	wms_warehouse	wms.outbound.pack	W05
POST	/api/wms/v1/warehouses/{warehouseId}/outbound-orders/{outboundOrderId}/pick-tasks	outbound.pick	wms_warehouse	wms.outbound.pick	W05
POST	/api/wms/v1/warehouses/{warehouseId}/outbound-orders/{outboundOrderId}/shipments	outbound.ship	wms_warehouse	wms.outbound.ship	W05
POST	/api/wms/v1/warehouses/{warehouseId}/quality-inspections/{inspectionId}/results	quality.inspect	wms_warehouse	wms.quality.inspect	W06
POST	/api/wms/v1/warehouses/{warehouseId}/reconciliation-cases/{caseId}/remediations	recon.remediate	wms_warehouse	wms.recon.remediate	W06
POST	/api/wms/v1/warehouses/{warehouseId}/reconciliation-windows/{cutoffId}	recon.export	wms_warehouse	wms.recon.export	W06
POST	/api/wms/v1/warehouses/{warehouseId}/reconciliation-windows/{cutoffId}/cancellations	recon.remediate	wms_warehouse	wms.recon.remediate	W06
POST	/api/wms/v1/warehouses/{warehouseId}/reconciliation-windows/{cutoffId}/retries	recon.remediate	wms_warehouse	wms.recon.remediate	W06
POST	/api/wms/v1/warehouses/{warehouseId}/serial-recoveries/{intentId}/retries	messaging.recover	wms_warehouse	wms.messaging.recover	W06
POST	/api/wms/v1/warehouses/{warehouseId}/serial-transfer-receipts	transfer.receive	wms_warehouse	wms.transfer.receive	W06
POST	/api/wms/v1/warehouses/{warehouseId}/stock-holds	stock.hold	wms_warehouse	wms.stock.hold	W06
POST	/api/wms/v1/warehouses/{warehouseId}/stock-holds/{holdId}/releases	stock.releaseHold	wms_warehouse	wms.stock.release_hold	W06
POST	/api/wms/v1/warehouses/{warehouseId}/tasks/{taskId}/claims	task.claim	wms_warehouse	wms.task.claim	W06
POST	/api/wms/v1/warehouses/{warehouseId}/tasks/{taskId}/picks	outbound.pick	wms_warehouse	wms.outbound.pick	W05
POST	/api/wms/v1/warehouses/{warehouseId}/tasks/{taskId}/putaways	inbound.putaway	wms_warehouse	wms.inbound.putaway	W05
POST	/api/wms/v1/warehouses/{warehouseId}/transfer-receipts	transfer.receive	wms_warehouse	wms.transfer.receive	W06
